accession	uid	title	organization	taxonomy	sra	geo	Biological replicate	age	biomaterial_provider	cell_line	disease	disease_stage	isolate	sample_type	sex	tissue	treatment
SAMN13087968	13087968	Human sample from Homo sapiens	Mirati Therapeutics, Inc.	9606	Sample name: H2030_Vehicle_QDX1_24hr_1	SRA: SRS5556607	Biological replicate 1	not applicable	ATCC	H2030	adenocarcinoma; non-small cell lung cancer		not applicable	xenograft	male	lung; derived from metastatic site: lymph node	Vehicle_QDX1_24hr
SAMN13087969	13087969	Human sample from Homo sapiens	Mirati Therapeutics, Inc.	9606	Sample name: H2030_Vehicle_QDX1_24hr_2	SRA: SRS5556608	Biological replicate 2	not applicable	ATCC	H2030	adenocarcinoma; non-small cell lung cancer		not applicable	xenograft	male	lung; derived from metastatic site: lymph node	Vehicle_QDX1_24hr
SAMN13087970	13087970	Human sample from Homo sapiens	Mirati Therapeutics, Inc.	9606	Sample name: H2030_Vehicle_QDX1_24hr_3	SRA: SRS5556609	Biological replicate 3	not applicable	ATCC	H2030	adenocarcinoma; non-small cell lung cancer		not applicable	xenograft	male	lung; derived from metastatic site: lymph node	Vehicle_QDX1_24hr
SAMN13087971	13087971	Human sample from Homo sapiens	Mirati Therapeutics, Inc.	9606	Sample name: H2030_Vehicle_QDX7_24hr_1	SRA: SRS5556610	Biological replicate 1	not applicable	ATCC	H2030	adenocarcinoma; non-small cell lung cancer		not applicable	xenograft	male	lung; derived from metastatic site: lymph node	Vehicle_QDX7_24hr
SAMN13087972	13087972	Human sample from Homo sapiens	Mirati Therapeutics, Inc.	9606	Sample name: H2030_Vehicle_QDX7_24hr_2	SRA: SRS5556612	Biological replicate 2	not applicable	ATCC	H2030	adenocarcinoma; non-small cell lung cancer		not applicable	xenograft	male	lung; derived from metastatic site: lymph node	Vehicle_QDX7_24hr
SAMN13087973	13087973	Human sample from Homo sapiens	Mirati Therapeutics, Inc.	9606	Sample name: H2030_Vehicle_QDX7_24hr_3	SRA: SRS5556613	Biological replicate 3	not applicable	ATCC	H2030	adenocarcinoma; non-small cell lung cancer		not applicable	xenograft	male	lung; derived from metastatic site: lymph node	Vehicle_QDX7_24hr
SAMN13087974	13087974	Human sample from Homo sapiens	Mirati Therapeutics, Inc.	9606	Sample name: H2030_MRTX849_QDX1_6hr_1	SRA: SRS5556614	Biological replicate 1	not applicable	ATCC	H2030	adenocarcinoma; non-small cell lung cancer		not applicable	xenograft	male	lung; derived from metastatic site: lymph node	MRTX849_QDX1_6hr
SAMN13087975	13087975	Human sample from Homo sapiens	Mirati Therapeutics, Inc.	9606	Sample name: H2030_MRTX849_QDX1_6hr_2	SRA: SRS5556615	Biological replicate 2	not applicable	ATCC	H2030	adenocarcinoma; non-small cell lung cancer		not applicable	xenograft	male	lung; derived from metastatic site: lymph node	MRTX849_QDX1_6hr
SAMN13087976	13087976	Human sample from Homo sapiens	Mirati Therapeutics, Inc.	9606	Sample name: H2030_MRTX849_QDX1_6hr_3	SRA: SRS5556616	Biological replicate 3	not applicable	ATCC	H2030	adenocarcinoma; non-small cell lung cancer		not applicable	xenograft	male	lung; derived from metastatic site: lymph node	MRTX849_QDX1_6hr
SAMN13087977	13087977	Human sample from Homo sapiens	Mirati Therapeutics, Inc.	9606	Sample name: H2030_MRTX849_QDX1_24hr_1	SRA: SRS5556617	Biological replicate 1	not applicable	ATCC	H2030	adenocarcinoma; non-small cell lung cancer		not applicable	xenograft	male	lung; derived from metastatic site: lymph node	MRTX849_QDX1_24hr
SAMN13087978	13087978	Human sample from Homo sapiens	Mirati Therapeutics, Inc.	9606	Sample name: H2030_MRTX849_QDX1_24hr_2	SRA: SRS5556618	Biological replicate 2	not applicable	ATCC	H2030	adenocarcinoma; non-small cell lung cancer		not applicable	xenograft	male	lung; derived from metastatic site: lymph node	MRTX849_QDX1_24hr
SAMN13087979	13087979	Human sample from Homo sapiens	Mirati Therapeutics, Inc.	9606	Sample name: H2030_MRTX849_QDX1_24hr_3	SRA: SRS5556619	Biological replicate 3	not applicable	ATCC	H2030	adenocarcinoma; non-small cell lung cancer		not applicable	xenograft	male	lung; derived from metastatic site: lymph node	MRTX849_QDX1_24hr
SAMN13087980	13087980	Human sample from Homo sapiens	Mirati Therapeutics, Inc.	9606	Sample name: H2030_MRTX849_QDX7_6hr_1	SRA: SRS5556620	Biological replicate 1	not applicable	ATCC	H2030	adenocarcinoma; non-small cell lung cancer		not applicable	xenograft	male	lung; derived from metastatic site: lymph node	MRTX849_QDX7_6hr
SAMN13087981	13087981	Human sample from Homo sapiens	Mirati Therapeutics, Inc.	9606	Sample name: H2030_MRTX849_QDX7_6hr_2	SRA: SRS5556621	Biological replicate 2	not applicable	ATCC	H2030	adenocarcinoma; non-small cell lung cancer		not applicable	xenograft	male	lung; derived from metastatic site: lymph node	MRTX849_QDX7_6hr
SAMN13087982	13087982	Human sample from Homo sapiens	Mirati Therapeutics, Inc.	9606	Sample name: H2030_MRTX849_QDX7_6hr_3	SRA: SRS5556623	Biological replicate 3	not applicable	ATCC	H2030	adenocarcinoma; non-small cell lung cancer		not applicable	xenograft	male	lung; derived from metastatic site: lymph node	MRTX849_QDX7_6hr
SAMN13087983	13087983	Human sample from Homo sapiens	Mirati Therapeutics, Inc.	9606	Sample name: H2030_MRTX849_QDX7_24hr_1	SRA: SRS5556624	Biological replicate 1	not applicable	ATCC	H2030	adenocarcinoma; non-small cell lung cancer		not applicable	xenograft	male	lung; derived from metastatic site: lymph node	MRTX849_QDX7_24hr
SAMN13087984	13087984	Human sample from Homo sapiens	Mirati Therapeutics, Inc.	9606	Sample name: H2030_MRTX849_QDX7_24hr_2	SRA: SRS5556625	Biological replicate 2	not applicable	ATCC	H2030	adenocarcinoma; non-small cell lung cancer		not applicable	xenograft	male	lung; derived from metastatic site: lymph node	MRTX849_QDX7_24hr
SAMN13087985	13087985	Human sample from Homo sapiens	Mirati Therapeutics, Inc.	9606	Sample name: H2122_Vehicle_QDX1_24hr_1	SRA: SRS5556562	Biological replicate 1	not applicable	ATCC	H2122	adenocarcinoma; non-small cell lung cancer	stage 4	not applicable	xenograft	female	lung; derived from metastatic site: pleural effusion	Vehicle_QDX1_24hr
SAMN13087986	13087986	Human sample from Homo sapiens	Mirati Therapeutics, Inc.	9606	Sample name: H2122_Vehicle_QDX1_24hr_2	SRA: SRS5556563	Biological replicate 2	not applicable	ATCC	H2122	adenocarcinoma; non-small cell lung cancer	stage 4	not applicable	xenograft	female	lung; derived from metastatic site: pleural effusion	Vehicle_QDX1_24hr
SAMN13087987	13087987	Human sample from Homo sapiens	Mirati Therapeutics, Inc.	9606	Sample name: H2122_Vehicle_QDX1_24hr_3	SRA: SRS5556564	Biological replicate 3	not applicable	ATCC	H2122	adenocarcinoma; non-small cell lung cancer	stage 4	not applicable	xenograft	female	lung; derived from metastatic site: pleural effusion	Vehicle_QDX1_24hr
SAMN13087988	13087988	Human sample from Homo sapiens	Mirati Therapeutics, Inc.	9606	Sample name: H2122_Vehicle_QDX7_24hr_1	SRA: SRS5556565	Biological replicate 1	not applicable	ATCC	H2122	adenocarcinoma; non-small cell lung cancer	stage 4	not applicable	xenograft	female	lung; derived from metastatic site: pleural effusion	Vehicle_QDX7_24hr
SAMN13087989	13087989	Human sample from Homo sapiens	Mirati Therapeutics, Inc.	9606	Sample name: H2122_Vehicle_QDX7_24hr_2	SRA: SRS5556566	Biological replicate 2	not applicable	ATCC	H2122	adenocarcinoma; non-small cell lung cancer	stage 4	not applicable	xenograft	female	lung; derived from metastatic site: pleural effusion	Vehicle_QDX7_24hr
SAMN13087990	13087990	Human sample from Homo sapiens	Mirati Therapeutics, Inc.	9606	Sample name: H2122_Vehicle_QDX7_24hr_3	SRA: SRS5556568	Biological replicate 3	not applicable	ATCC	H2122	adenocarcinoma; non-small cell lung cancer	stage 4	not applicable	xenograft	female	lung; derived from metastatic site: pleural effusion	Vehicle_QDX7_24hr
SAMN13087991	13087991	Human sample from Homo sapiens	Mirati Therapeutics, Inc.	9606	Sample name: H2122_MRTX849_QDX1_6hr_1	SRA: SRS5556569	Biological replicate 1	not applicable	ATCC	H2122	adenocarcinoma; non-small cell lung cancer	stage 4	not applicable	xenograft	female	lung; derived from metastatic site: pleural effusion	MRTX849_QDX1_6hr
SAMN13087992	13087992	Human sample from Homo sapiens	Mirati Therapeutics, Inc.	9606	Sample name: H2122_MRTX849_QDX1_6hr_2	SRA: SRS5556570	Biological replicate 2	not applicable	ATCC	H2122	adenocarcinoma; non-small cell lung cancer	stage 4	not applicable	xenograft	female	lung; derived from metastatic site: pleural effusion	MRTX849_QDX1_6hr
SAMN13087993	13087993	Human sample from Homo sapiens	Mirati Therapeutics, Inc.	9606	Sample name: H2122_MRTX849_QDX1_6hr_3	SRA: SRS5556571	Biological replicate 3	not applicable	ATCC	H2122	adenocarcinoma; non-small cell lung cancer	stage 4	not applicable	xenograft	female	lung; derived from metastatic site: pleural effusion	MRTX849_QDX1_6hr
SAMN13087994	13087994	Human sample from Homo sapiens	Mirati Therapeutics, Inc.	9606	Sample name: H2122_MRTX849_QDX1_24hr_1	SRA: SRS5556572	Biological replicate 1	not applicable	ATCC	H2122	adenocarcinoma; non-small cell lung cancer	stage 4	not applicable	xenograft	female	lung; derived from metastatic site: pleural effusion	MRTX849_QDX1_24hr
SAMN13087995	13087995	Human sample from Homo sapiens	Mirati Therapeutics, Inc.	9606	Sample name: H2122_MRTX849_QDX1_24hr_2	SRA: SRS5556573	Biological replicate 2	not applicable	ATCC	H2122	adenocarcinoma; non-small cell lung cancer	stage 4	not applicable	xenograft	female	lung; derived from metastatic site: pleural effusion	MRTX849_QDX1_24hr
SAMN13087996	13087996	Human sample from Homo sapiens	Mirati Therapeutics, Inc.	9606	Sample name: H2122_Palbociclib_QDX1_6hr_1	SRA: SRS5556574	Biological replicate 1	not applicable	ATCC	H2122	adenocarcinoma; non-small cell lung cancer	stage 4	not applicable	xenograft	female	lung; derived from metastatic site: pleural effusion	Palbociclib_QDX1_6hr
SAMN13087997	13087997	Human sample from Homo sapiens	Mirati Therapeutics, Inc.	9606	Sample name: H2122_Palbociclib_QDX1_6hr_2	SRA: SRS5556575	Biological replicate 2	not applicable	ATCC	H2122	adenocarcinoma; non-small cell lung cancer	stage 4	not applicable	xenograft	female	lung; derived from metastatic site: pleural effusion	Palbociclib_QDX1_6hr
SAMN13087998	13087998	Human sample from Homo sapiens	Mirati Therapeutics, Inc.	9606	Sample name: H2122_Palbociclib_QDX1_6hr_3	SRA: SRS5556576	Biological replicate 3	not applicable	ATCC	H2122	adenocarcinoma; non-small cell lung cancer	stage 4	not applicable	xenograft	female	lung; derived from metastatic site: pleural effusion	Palbociclib_QDX1_6hr
SAMN13087999	13087999	Human sample from Homo sapiens	Mirati Therapeutics, Inc.	9606	Sample name: H2122_Palbociclib_QDX1_24hr_1	SRA: SRS5556577	Biological replicate 1	not applicable	ATCC	H2122	adenocarcinoma; non-small cell lung cancer	stage 4	not applicable	xenograft	female	lung; derived from metastatic site: pleural effusion	Palbociclib_QDX1_24hr
SAMN13088000	13088000	Human sample from Homo sapiens	Mirati Therapeutics, Inc.	9606	Sample name: H2122_Palbociclib_QDX1_24hr_2	SRA: SRS5556579	Biological replicate 2	not applicable	ATCC	H2122	adenocarcinoma; non-small cell lung cancer	stage 4	not applicable	xenograft	female	lung; derived from metastatic site: pleural effusion	Palbociclib_QDX1_24hr
SAMN13088001	13088001	Human sample from Homo sapiens	Mirati Therapeutics, Inc.	9606	Sample name: H2122_Palbociclib_QDX1_24hr_3	SRA: SRS5556580	Biological replicate 3	not applicable	ATCC	H2122	adenocarcinoma; non-small cell lung cancer	stage 4	not applicable	xenograft	female	lung; derived from metastatic site: pleural effusion	Palbociclib_QDX1_24hr
SAMN13088002	13088002	Human sample from Homo sapiens	Mirati Therapeutics, Inc.	9606	Sample name: H2122_MRTX849_Palbociclib_QDX1_6hr_1	SRA: SRS5556581	Biological replicate 1	not applicable	ATCC	H2122	adenocarcinoma; non-small cell lung cancer	stage 4	not applicable	xenograft	female	lung; derived from metastatic site: pleural effusion	MRTX849_Palbociclib_QDX1_6hr
SAMN13088003	13088003	Human sample from Homo sapiens	Mirati Therapeutics, Inc.	9606	Sample name: H2122_MRTX849_Palbociclib_QDX1_6hr_2	SRA: SRS5556582	Biological replicate 2	not applicable	ATCC	H2122	adenocarcinoma; non-small cell lung cancer	stage 4	not applicable	xenograft	female	lung; derived from metastatic site: pleural effusion	MRTX849_Palbociclib_QDX1_6hr
SAMN13088004	13088004	Human sample from Homo sapiens	Mirati Therapeutics, Inc.	9606	Sample name: H2122_MRTX849_Palbociclib_QDX1_6hr_3	SRA: SRS5556583	Biological replicate 3	not applicable	ATCC	H2122	adenocarcinoma; non-small cell lung cancer	stage 4	not applicable	xenograft	female	lung; derived from metastatic site: pleural effusion	MRTX849_Palbociclib_QDX1_6hr
SAMN13088005	13088005	Human sample from Homo sapiens	Mirati Therapeutics, Inc.	9606	Sample name: H2122_MRTX849_Palbociclib_QDX1_24hr_1	SRA: SRS5556584	Biological replicate 1	not applicable	ATCC	H2122	adenocarcinoma; non-small cell lung cancer	stage 4	not applicable	xenograft	female	lung; derived from metastatic site: pleural effusion	MRTX849_Palbociclib_QDX1_24hr
SAMN13088006	13088006	Human sample from Homo sapiens	Mirati Therapeutics, Inc.	9606	Sample name: H2122_MRTX849_Palbociclib_QDX1_24hr_2	SRA: SRS5556585	Biological replicate 2	not applicable	ATCC	H2122	adenocarcinoma; non-small cell lung cancer	stage 4	not applicable	xenograft	female	lung; derived from metastatic site: pleural effusion	MRTX849_Palbociclib_QDX1_24hr
SAMN13088007	13088007	Human sample from Homo sapiens	Mirati Therapeutics, Inc.	9606	Sample name: H2122_MRTX849_Palbociclib_QDX1_24hr_3	SRA: SRS5556586	Biological replicate 3	not applicable	ATCC	H2122	adenocarcinoma; non-small cell lung cancer	stage 4	not applicable	xenograft	female	lung; derived from metastatic site: pleural effusion	MRTX849_Palbociclib_QDX1_24hr
SAMN13088008	13088008	Human sample from Homo sapiens	Mirati Therapeutics, Inc.	9606	Sample name: H2122_MRTX849_QDX7_6hr_1	SRA: SRS5556587	Biological replicate 1	not applicable	ATCC	H2122	adenocarcinoma; non-small cell lung cancer	stage 4	not applicable	xenograft	female	lung; derived from metastatic site: pleural effusion	MRTX849_QDX7_6hr
SAMN13088009	13088009	Human sample from Homo sapiens	Mirati Therapeutics, Inc.	9606	Sample name: H2122_MRTX849_QDX7_6hr_2	SRA: SRS5556588	Biological replicate 2	not applicable	ATCC	H2122	adenocarcinoma; non-small cell lung cancer	stage 4	not applicable	xenograft	female	lung; derived from metastatic site: pleural effusion	MRTX849_QDX7_6hr
SAMN13088010	13088010	Human sample from Homo sapiens	Mirati Therapeutics, Inc.	9606	Sample name: H2122_MRTX849_QDX7_6hr_3	SRA: SRS5556590	Biological replicate 3	not applicable	ATCC	H2122	adenocarcinoma; non-small cell lung cancer	stage 4	not applicable	xenograft	female	lung; derived from metastatic site: pleural effusion	MRTX849_QDX7_6hr
SAMN13088011	13088011	Human sample from Homo sapiens	Mirati Therapeutics, Inc.	9606	Sample name: H2122_MRTX849_QDX7_24hr_1	SRA: SRS5556591	Biological replicate 1	not applicable	ATCC	H2122	adenocarcinoma; non-small cell lung cancer	stage 4	not applicable	xenograft	female	lung; derived from metastatic site: pleural effusion	MRTX849_QDX7_24hr
SAMN13088012	13088012	Human sample from Homo sapiens	Mirati Therapeutics, Inc.	9606	Sample name: H2122_MRTX849_QDX7_24hr_2	SRA: SRS5556592	Biological replicate 2	not applicable	ATCC	H2122	adenocarcinoma; non-small cell lung cancer	stage 4	not applicable	xenograft	female	lung; derived from metastatic site: pleural effusion	MRTX849_QDX7_24hr
SAMN13088013	13088013	Human sample from Homo sapiens	Mirati Therapeutics, Inc.	9606	Sample name: H2122_MRTX849_QDX7_24hr_3	SRA: SRS5556593	Biological replicate 3	not applicable	ATCC	H2122	adenocarcinoma; non-small cell lung cancer	stage 4	not applicable	xenograft	female	lung; derived from metastatic site: pleural effusion	MRTX849_QDX7_24hr
SAMN13088014	13088014	Human sample from Homo sapiens	Mirati Therapeutics, Inc.	9606	Sample name: H2122_Palbociclib_QDX7_6hr_1	SRA: SRS5556594	Biological replicate 1	not applicable	ATCC	H2122	adenocarcinoma; non-small cell lung cancer	stage 4	not applicable	xenograft	female	lung; derived from metastatic site: pleural effusion	Palbociclib_QDX7_6hr
SAMN13088015	13088015	Human sample from Homo sapiens	Mirati Therapeutics, Inc.	9606	Sample name: H2122_Palbociclib_QDX7_6hr_2	SRA: SRS5556595	Biological replicate 2	not applicable	ATCC	H2122	adenocarcinoma; non-small cell lung cancer	stage 4	not applicable	xenograft	female	lung; derived from metastatic site: pleural effusion	Palbociclib_QDX7_6hr
SAMN13088016	13088016	Human sample from Homo sapiens	Mirati Therapeutics, Inc.	9606	Sample name: H2122_Palbociclib_QDX7_6hr_3	SRA: SRS5556596	Biological replicate 3	not applicable	ATCC	H2122	adenocarcinoma; non-small cell lung cancer	stage 4	not applicable	xenograft	female	lung; derived from metastatic site: pleural effusion	Palbociclib_QDX7_6hr
SAMN13088017	13088017	Human sample from Homo sapiens	Mirati Therapeutics, Inc.	9606	Sample name: H2122_Palbociclib_QDX7_24hr_1	SRA: SRS5556597	Biological replicate 1	not applicable	ATCC	H2122	adenocarcinoma; non-small cell lung cancer	stage 4	not applicable	xenograft	female	lung; derived from metastatic site: pleural effusion	Palbociclib_QDX7_24hr
SAMN13088018	13088018	Human sample from Homo sapiens	Mirati Therapeutics, Inc.	9606	Sample name: H2122_Palbociclib_QDX7_24hr_2	SRA: SRS5556598	Biological replicate 2	not applicable	ATCC	H2122	adenocarcinoma; non-small cell lung cancer	stage 4	not applicable	xenograft	female	lung; derived from metastatic site: pleural effusion	Palbociclib_QDX7_24hr
SAMN13088019	13088019	Human sample from Homo sapiens	Mirati Therapeutics, Inc.	9606	Sample name: H2122_Palbociclib_QDX7_24hr_3	SRA: SRS5556599	Biological replicate 3	not applicable	ATCC	H2122	adenocarcinoma; non-small cell lung cancer	stage 4	not applicable	xenograft	female	lung; derived from metastatic site: pleural effusion	Palbociclib_QDX7_24hr
SAMN13088020	13088020	Human sample from Homo sapiens	Mirati Therapeutics, Inc.	9606	Sample name: H2122_MRTX849_Palbociclib_QDX7_6hr_1	SRA: SRS5556601	Biological replicate 1	not applicable	ATCC	H2122	adenocarcinoma; non-small cell lung cancer	stage 4	not applicable	xenograft	female	lung; derived from metastatic site: pleural effusion	MRTX849_Palbociclib_QDX7_6hr
SAMN13088021	13088021	Human sample from Homo sapiens	Mirati Therapeutics, Inc.	9606	Sample name: H2122_MRTX849_Palbociclib_QDX7_6hr_2	SRA: SRS5556602	Biological replicate 2	not applicable	ATCC	H2122	adenocarcinoma; non-small cell lung cancer	stage 4	not applicable	xenograft	female	lung; derived from metastatic site: pleural effusion	MRTX849_Palbociclib_QDX7_6hr
SAMN13088022	13088022	Human sample from Homo sapiens	Mirati Therapeutics, Inc.	9606	Sample name: H2122_MRTX849_Palbociclib_QDX7_6hr_3	SRA: SRS5556603	Biological replicate 3	not applicable	ATCC	H2122	adenocarcinoma; non-small cell lung cancer	stage 4	not applicable	xenograft	female	lung; derived from metastatic site: pleural effusion	MRTX849_Palbociclib_QDX7_6hr
SAMN13088023	13088023	Human sample from Homo sapiens	Mirati Therapeutics, Inc.	9606	Sample name: H2122_MRTX849_Palbociclib_QDX7_24hr_1	SRA: SRS5556604	Biological replicate 1	not applicable	ATCC	H2122	adenocarcinoma; non-small cell lung cancer	stage 4	not applicable	xenograft	female	lung; derived from metastatic site: pleural effusion	MRTX849_Palbociclib_QDX7_24hr
SAMN13088024	13088024	Human sample from Homo sapiens	Mirati Therapeutics, Inc.	9606	Sample name: H2122_MRTX849_Palbociclib_QDX7_24hr_2	SRA: SRS5556605	Biological replicate 2	not applicable	ATCC	H2122	adenocarcinoma; non-small cell lung cancer	stage 4	not applicable	xenograft	female	lung; derived from metastatic site: pleural effusion	MRTX849_Palbociclib_QDX7_24hr
SAMN13088025	13088025	Human sample from Homo sapiens	Mirati Therapeutics, Inc.	9606	Sample name: H2122_MRTX849_Palbociclib_QDX7_24hr_3	SRA: SRS5556606	Biological replicate 3	not applicable	ATCC	H2122	adenocarcinoma; non-small cell lung cancer	stage 4	not applicable	xenograft	female	lung; derived from metastatic site: pleural effusion	MRTX849_Palbociclib_QDX7_24hr
SAMN13088026	13088026	Human sample from Homo sapiens	Mirati Therapeutics, Inc.	9606	Sample name: MiaPaca_Vehicle_QDx1_24hr_1	SRA: SRS5556626	Biological replicate 1	not applicable	ATCC	Mia PaCa-2	carcinoma		not applicable	xenograft	male	pancreas	Vehicle_QDx1_24hr
SAMN13088027	13088027	Human sample from Homo sapiens	Mirati Therapeutics, Inc.	9606	Sample name: MiaPaca_Vehicle_QDx1_24hr_2	SRA: SRS5556627	Biological replicate 2	not applicable	ATCC	Mia PaCa-2	carcinoma		not applicable	xenograft	male	pancreas	Vehicle_QDx1_24hr
SAMN13088028	13088028	Human sample from Homo sapiens	Mirati Therapeutics, Inc.	9606	Sample name: MiaPaca_Vehicle_QDx1_24hr_3	SRA: SRS5556628	Biological replicate 3	not applicable	ATCC	Mia PaCa-2	carcinoma		not applicable	xenograft	male	pancreas	Vehicle_QDx1_24hr
SAMN13088029	13088029	Human sample from Homo sapiens	Mirati Therapeutics, Inc.	9606	Sample name: MiaPaca_Vehicle_QDx5_24hr_1	SRA: SRS5556629	Biological replicate 1	not applicable	ATCC	Mia PaCa-2	carcinoma		not applicable	xenograft	male	pancreas	Vehicle_QDx5_24hr
SAMN13088030	13088030	Human sample from Homo sapiens	Mirati Therapeutics, Inc.	9606	Sample name: MiaPaca_Vehicle_QDx5_24hr_2	SRA: SRS5556630	Biological replicate 2	not applicable	ATCC	Mia PaCa-2	carcinoma		not applicable	xenograft	male	pancreas	Vehicle_QDx5_24hr
SAMN13088031	13088031	Human sample from Homo sapiens	Mirati Therapeutics, Inc.	9606	Sample name: MiaPaca_Vehicle_QDx5_24hr_3	SRA: SRS5556631	Biological replicate 3	not applicable	ATCC	Mia PaCa-2	carcinoma		not applicable	xenograft	male	pancreas	Vehicle_QDx5_24hr
SAMN13088032	13088032	Human sample from Homo sapiens	Mirati Therapeutics, Inc.	9606	Sample name: MiaPaca_MRTX849_QDx1_6hr_1	SRA: SRS5556632	Biological replicate 1	not applicable	ATCC	Mia PaCa-2	carcinoma		not applicable	xenograft	male	pancreas	MRTX849_QDx1_6hr
SAMN13088033	13088033	Human sample from Homo sapiens	Mirati Therapeutics, Inc.	9606	Sample name: MiaPaca_MRTX849_QDx1_6hr_2	SRA: SRS5556507	Biological replicate 2	not applicable	ATCC	Mia PaCa-2	carcinoma		not applicable	xenograft	male	pancreas	MRTX849_QDx1_6hr
SAMN13088034	13088034	Human sample from Homo sapiens	Mirati Therapeutics, Inc.	9606	Sample name: MiaPaca_MRTX849_QDx1_6hr_3	SRA: SRS5556508	Biological replicate 3	not applicable	ATCC	Mia PaCa-2	carcinoma		not applicable	xenograft	male	pancreas	MRTX849_QDx1_6hr
SAMN13088035	13088035	Human sample from Homo sapiens	Mirati Therapeutics, Inc.	9606	Sample name: MiaPaca_MRTX849_QDx1_24hr_1	SRA: SRS5556509	Biological replicate 1	not applicable	ATCC	Mia PaCa-2	carcinoma		not applicable	xenograft	male	pancreas	MRTX849_QDx1_24hr
SAMN13088036	13088036	Human sample from Homo sapiens	Mirati Therapeutics, Inc.	9606	Sample name: MiaPaca_MRTX849_QDx1_24hr_2	SRA: SRS5556510	Biological replicate 2	not applicable	ATCC	Mia PaCa-2	carcinoma		not applicable	xenograft	male	pancreas	MRTX849_QDx1_24hr
SAMN13088037	13088037	Human sample from Homo sapiens	Mirati Therapeutics, Inc.	9606	Sample name: MiaPaca_MRTX849_QDx1_24hr_3	SRA: SRS5556511	Biological replicate 3	not applicable	ATCC	Mia PaCa-2	carcinoma		not applicable	xenograft	male	pancreas	MRTX849_QDx1_24hr
SAMN13088038	13088038	Human sample from Homo sapiens	Mirati Therapeutics, Inc.	9606	Sample name: MiaPaca_MRTX849_QDx5_6hr_1	SRA: SRS5556512	Biological replicate 1	not applicable	ATCC	Mia PaCa-2	carcinoma		not applicable	xenograft	male	pancreas	MRTX849_QDx5_6hr
SAMN13088039	13088039	Human sample from Homo sapiens	Mirati Therapeutics, Inc.	9606	Sample name: MiaPaca_MRTX849_QDx5_6hr_2	SRA: SRS5556513	Biological replicate 2	not applicable	ATCC	Mia PaCa-2	carcinoma		not applicable	xenograft	male	pancreas	MRTX849_QDx5_6hr
SAMN13088040	13088040	Human sample from Homo sapiens	Mirati Therapeutics, Inc.	9606	Sample name: MiaPaca_MRTX849_QDx5_6hr_3	SRA: SRS5556514	Biological replicate 3	not applicable	ATCC	Mia PaCa-2	carcinoma		not applicable	xenograft	male	pancreas	MRTX849_QDx5_6hr
SAMN13088041	13088041	Human sample from Homo sapiens	Mirati Therapeutics, Inc.	9606	Sample name: MiaPaca_MRTX849_QDx5_24hr_1	SRA: SRS5556515	Biological replicate 1	not applicable	ATCC	Mia PaCa-2	carcinoma		not applicable	xenograft	male	pancreas	MRTX849_QDx5_24hr
SAMN13088042	13088042	Human sample from Homo sapiens	Mirati Therapeutics, Inc.	9606	Sample name: MiaPaca_MRTX849_QDx5_24hr_2	SRA: SRS5556516	Biological replicate 2	not applicable	ATCC	Mia PaCa-2	carcinoma		not applicable	xenograft	male	pancreas	MRTX849_QDx5_24hr
SAMN13088043	13088043	Human sample from Homo sapiens	Mirati Therapeutics, Inc.	9606	Sample name: MiaPaca_MRTX849_QDx5_24hr_3	SRA: SRS5556518	Biological replicate 3	not applicable	ATCC	Mia PaCa-2	carcinoma		not applicable	xenograft	male	pancreas	MRTX849_QDx5_24hr
SAMN13088044	13088044	Human sample from Homo sapiens	Mirati Therapeutics, Inc.	9606	Sample name: H1373_Vehicle_QDX1_24hr_1	SRA: SRS5556519	Biological replicate 1	not applicable	ATCC	H1373	adenocarcinoma	stage 3A	not applicable	xenograft	male	lung	Vehicle_QDX1_24hr
SAMN13088045	13088045	Human sample from Homo sapiens	Mirati Therapeutics, Inc.	9606	Sample name: H1373_Vehicle_QDX1_24hr_2	SRA: SRS5556521	Biological replicate 2	not applicable	ATCC	H1373	adenocarcinoma	stage 3A	not applicable	xenograft	male	lung	Vehicle_QDX1_24hr
SAMN13088046	13088046	Human sample from Homo sapiens	Mirati Therapeutics, Inc.	9606	Sample name: H1373_Vehicle_QDX1_24hr_3	SRA: SRS5556520	Biological replicate 3	not applicable	ATCC	H1373	adenocarcinoma	stage 3A	not applicable	xenograft	male	lung	Vehicle_QDX1_24hr
SAMN13088047	13088047	Human sample from Homo sapiens	Mirati Therapeutics, Inc.	9606	Sample name: H1373_Vehicle_QDX5_24hr_1	SRA: SRS5556522	Biological replicate 1	not applicable	ATCC	H1373	adenocarcinoma	stage 3A	not applicable	xenograft	male	lung	Vehicle_QDX5_24hr
SAMN13088048	13088048	Human sample from Homo sapiens	Mirati Therapeutics, Inc.	9606	Sample name: H1373_Vehicle_QDX5_24hr_2	SRA: SRS5556523	Biological replicate 2	not applicable	ATCC	H1373	adenocarcinoma	stage 3A	not applicable	xenograft	male	lung	Vehicle_QDX5_24hr
SAMN13088049	13088049	Human sample from Homo sapiens	Mirati Therapeutics, Inc.	9606	Sample name: H1373_Vehicle_QDX5_24hr_3	SRA: SRS5556524	Biological replicate 3	not applicable	ATCC	H1373	adenocarcinoma	stage 3A	not applicable	xenograft	male	lung	Vehicle_QDX5_24hr
SAMN13088050	13088050	Human sample from Homo sapiens	Mirati Therapeutics, Inc.	9606	Sample name: H1373_MRTX849_QDX1_6hr_1	SRA: SRS5556525	Biological replicate 1	not applicable	ATCC	H1373	adenocarcinoma	stage 3A	not applicable	xenograft	male	lung	MRTX849_QDX1_6hr
SAMN13088051	13088051	Human sample from Homo sapiens	Mirati Therapeutics, Inc.	9606	Sample name: H1373_MRTX849_QDX1_6hr_2	SRA: SRS5556526	Biological replicate 2	not applicable	ATCC	H1373	adenocarcinoma	stage 3A	not applicable	xenograft	male	lung	MRTX849_QDX1_6hr
SAMN13088052	13088052	Human sample from Homo sapiens	Mirati Therapeutics, Inc.	9606	Sample name: H1373_MRTX849_QDX1_6hr_3	SRA: SRS5556527	Biological replicate 3	not applicable	ATCC	H1373	adenocarcinoma	stage 3A	not applicable	xenograft	male	lung	MRTX849_QDX1_6hr
SAMN13088053	13088053	Human sample from Homo sapiens	Mirati Therapeutics, Inc.	9606	Sample name: H1373_MRTX849_QDX1_24hr_1	SRA: SRS5556529	Biological replicate 1	not applicable	ATCC	H1373	adenocarcinoma	stage 3A	not applicable	xenograft	male	lung	MRTX849_QDX1_24hr
SAMN13088054	13088054	Human sample from Homo sapiens	Mirati Therapeutics, Inc.	9606	Sample name: H1373_MRTX849_QDX1_24hr_2	SRA: SRS5556530	Biological replicate 2	not applicable	ATCC	H1373	adenocarcinoma	stage 3A	not applicable	xenograft	male	lung	MRTX849_QDX1_24hr
SAMN13088055	13088055	Human sample from Homo sapiens	Mirati Therapeutics, Inc.	9606	Sample name: H1373_MRTX849_QDX1_24hr_3	SRA: SRS5556531	Biological replicate 3	not applicable	ATCC	H1373	adenocarcinoma	stage 3A	not applicable	xenograft	male	lung	MRTX849_QDX1_24hr
SAMN13088056	13088056	Human sample from Homo sapiens	Mirati Therapeutics, Inc.	9606	Sample name: H1373_MRTX849_QDX5_6hr_1	SRA: SRS5556532	Biological replicate 1	not applicable	ATCC	H1373	adenocarcinoma	stage 3A	not applicable	xenograft	male	lung	MRTX849_QDX5_6hr
SAMN13088057	13088057	Human sample from Homo sapiens	Mirati Therapeutics, Inc.	9606	Sample name: H1373_MRTX849_QDX5_6hr_2	SRA: SRS5556533	Biological replicate 2	not applicable	ATCC	H1373	adenocarcinoma	stage 3A	not applicable	xenograft	male	lung	MRTX849_QDX5_6hr
SAMN13088058	13088058	Human sample from Homo sapiens	Mirati Therapeutics, Inc.	9606	Sample name: H1373_MRTX849_QDX5_6hr_3	SRA: SRS5556534	Biological replicate 3	not applicable	ATCC	H1373	adenocarcinoma	stage 3A	not applicable	xenograft	male	lung	MRTX849_QDX5_6hr
SAMN13088059	13088059	Human sample from Homo sapiens	Mirati Therapeutics, Inc.	9606	Sample name: H1373_MRTX849_QDX5_24hr_1	SRA: SRS5556535	Biological replicate 1	not applicable	ATCC	H1373	adenocarcinoma	stage 3A	not applicable	xenograft	male	lung	MRTX849_QDX5_24hr
SAMN13088060	13088060	Human sample from Homo sapiens	Mirati Therapeutics, Inc.	9606	Sample name: H1373_MRTX849_QDX5_24hr_2	SRA: SRS5556536	Biological replicate 2	not applicable	ATCC	H1373	adenocarcinoma	stage 3A	not applicable	xenograft	male	lung	MRTX849_QDX5_24hr
SAMN13088061	13088061	Human sample from Homo sapiens	Mirati Therapeutics, Inc.	9606	Sample name: H1373_MRTX849_QDX5_24hr_3	SRA: SRS5556537	Biological replicate 3	not applicable	ATCC	H1373	adenocarcinoma	stage 3A	not applicable	xenograft	male	lung	MRTX849_QDX5_24hr
SAMN13088062	13088062	Human sample from Homo sapiens	Mirati Therapeutics, Inc.	9606	Sample name: H2122.first_Vehicle_300mm3_1	SRA: SRS5556543	Biological replicate 1	not applicable	ATCC	H2122	adenocarcinoma; non-small cell lung cancer	stage 4	not applicable	xenograft	female	lung; derived from metastatic site: pleural effusion	Vehicle_300mm3
SAMN13088063	13088063	Human sample from Homo sapiens	Mirati Therapeutics, Inc.	9606	Sample name: H2122.first_Vehicle_300mm3_2	SRA: SRS5556544	Biological replicate 2	not applicable	ATCC	H2122	adenocarcinoma; non-small cell lung cancer	stage 4	not applicable	xenograft	female	lung; derived from metastatic site: pleural effusion	Vehicle_300mm3
SAMN13088064	13088064	Human sample from Homo sapiens	Mirati Therapeutics, Inc.	9606	Sample name: H2122.first_Vehicle_300mm3_3	SRA: SRS5556546	Biological replicate 3	not applicable	ATCC	H2122	adenocarcinoma; non-small cell lung cancer	stage 4	not applicable	xenograft	female	lung; derived from metastatic site: pleural effusion	Vehicle_300mm3
SAMN13088065	13088065	Human sample from Homo sapiens	Mirati Therapeutics, Inc.	9606	Sample name: H2122.first_Vehicle_500mm3_1	SRA: SRS5556547	Biological replicate 1	not applicable	ATCC	H2122	adenocarcinoma; non-small cell lung cancer	stage 4	not applicable	xenograft	female	lung; derived from metastatic site: pleural effusion	Vehicle_500mm3
SAMN13088066	13088066	Human sample from Homo sapiens	Mirati Therapeutics, Inc.	9606	Sample name: H2122.first_Vehicle_500mm3_2	SRA: SRS5556548	Biological replicate 2	not applicable	ATCC	H2122	adenocarcinoma; non-small cell lung cancer	stage 4	not applicable	xenograft	female	lung; derived from metastatic site: pleural effusion	Vehicle_500mm3
SAMN13088067	13088067	Human sample from Homo sapiens	Mirati Therapeutics, Inc.	9606	Sample name: H2122.first_MRTX849_QDx1_6h_1	SRA: SRS5556549	Biological replicate 1	not applicable	ATCC	H2122	adenocarcinoma; non-small cell lung cancer	stage 4	not applicable	xenograft	female	lung; derived from metastatic site: pleural effusion	MRTX849_QDx1_6h
SAMN13088068	13088068	Human sample from Homo sapiens	Mirati Therapeutics, Inc.	9606	Sample name: H2122.first_MRTX849_QDx1_6h_2	SRA: SRS5556550	Biological replicate 2	not applicable	ATCC	H2122	adenocarcinoma; non-small cell lung cancer	stage 4	not applicable	xenograft	female	lung; derived from metastatic site: pleural effusion	MRTX849_QDx1_6h
SAMN13088069	13088069	Human sample from Homo sapiens	Mirati Therapeutics, Inc.	9606	Sample name: H2122.first_MRTX849_QDx1_6h_3	SRA: SRS5556551	Biological replicate 3	not applicable	ATCC	H2122	adenocarcinoma; non-small cell lung cancer	stage 4	not applicable	xenograft	female	lung; derived from metastatic site: pleural effusion	MRTX849_QDx1_6h
SAMN13088070	13088070	Human sample from Homo sapiens	Mirati Therapeutics, Inc.	9606	Sample name: H2122.first_MRTX849_QDx1_24h_1	SRA: SRS5556552	Biological replicate 1	not applicable	ATCC	H2122	adenocarcinoma; non-small cell lung cancer	stage 4	not applicable	xenograft	female	lung; derived from metastatic site: pleural effusion	MRTX849_QDx1_24h
SAMN13088071	13088071	Human sample from Homo sapiens	Mirati Therapeutics, Inc.	9606	Sample name: H2122.first_MRTX849_QDx1_24h_2	SRA: SRS5556553	Biological replicate 2	not applicable	ATCC	H2122	adenocarcinoma; non-small cell lung cancer	stage 4	not applicable	xenograft	female	lung; derived from metastatic site: pleural effusion	MRTX849_QDx1_24h
SAMN13088072	13088072	Human sample from Homo sapiens	Mirati Therapeutics, Inc.	9606	Sample name: H2122.first_MRTX849_QDx1_24h_3	SRA: SRS5556554	Biological replicate 3	not applicable	ATCC	H2122	adenocarcinoma; non-small cell lung cancer	stage 4	not applicable	xenograft	female	lung; derived from metastatic site: pleural effusion	MRTX849_QDx1_24h
SAMN13088073	13088073	Human sample from Homo sapiens	Mirati Therapeutics, Inc.	9606	Sample name: H2122.first_MRTX849_QDx7_6h_1	SRA: SRS5556555	Biological replicate 1	not applicable	ATCC	H2122	adenocarcinoma; non-small cell lung cancer	stage 4	not applicable	xenograft	female	lung; derived from metastatic site: pleural effusion	MRTX849_QDx7_6h
SAMN13088074	13088074	Human sample from Homo sapiens	Mirati Therapeutics, Inc.	9606	Sample name: H2122.first_MRTX849_QDx7_6h_2	SRA: SRS5556557	Biological replicate 2	not applicable	ATCC	H2122	adenocarcinoma; non-small cell lung cancer	stage 4	not applicable	xenograft	female	lung; derived from metastatic site: pleural effusion	MRTX849_QDx7_6h
SAMN13088075	13088075	Human sample from Homo sapiens	Mirati Therapeutics, Inc.	9606	Sample name: H2122.first_MRTX849_QDx7_6h_3	SRA: SRS5556558	Biological replicate 3	not applicable	ATCC	H2122	adenocarcinoma; non-small cell lung cancer	stage 4	not applicable	xenograft	female	lung; derived from metastatic site: pleural effusion	MRTX849_QDx7_6h
SAMN13088076	13088076	Human sample from Homo sapiens	Mirati Therapeutics, Inc.	9606	Sample name: H2122.first_MRTX849_QDx7_24h_1	SRA: SRS5556559	Biological replicate 1	not applicable	ATCC	H2122	adenocarcinoma; non-small cell lung cancer	stage 4	not applicable	xenograft	female	lung; derived from metastatic site: pleural effusion	MRTX849_QDx7_24h
SAMN13088077	13088077	Human sample from Homo sapiens	Mirati Therapeutics, Inc.	9606	Sample name: H2122.first_MRTX849_QDx7_24h_2	SRA: SRS5556560	Biological replicate 2	not applicable	ATCC	H2122	adenocarcinoma; non-small cell lung cancer	stage 4	not applicable	xenograft	female	lung; derived from metastatic site: pleural effusion	MRTX849_QDx7_24h
SAMN13088078	13088078	Human sample from Homo sapiens	Mirati Therapeutics, Inc.	9606	Sample name: H2122.first_MRTX849_QDx7_24h_3	SRA: SRS5556561	Biological replicate 3	not applicable	ATCC	H2122	adenocarcinoma; non-small cell lung cancer	stage 4	not applicable	xenograft	female	lung; derived from metastatic site: pleural effusion	MRTX849_QDx7_24h
SAMN13088079	13088079	Human sample from Homo sapiens	Mirati Therapeutics, Inc.	9606	Sample name: H358_Vehicle_300mm3_1	SRA: SRS5556504	Biological replicate 1	not applicable	ATCC	H358	bronchioalveolar carcinoma; non-small cell lung cancer		not applicable	xenograft	male	lung/bronchiole; derived from metastatic site: alveolus	Vehicle_300mm3
SAMN13088080	13088080	Human sample from Homo sapiens	Mirati Therapeutics, Inc.	9606	Sample name: H358_Vehicle_300mm3_2	SRA: SRS5556505	Biological replicate 2	not applicable	ATCC	H358	bronchioalveolar carcinoma; non-small cell lung cancer		not applicable	xenograft	male	lung/bronchiole; derived from metastatic site: alveolus	Vehicle_300mm3
SAMN13088081	13088081	Human sample from Homo sapiens	Mirati Therapeutics, Inc.	9606	Sample name: H358_Vehicle_300mm3_3	SRA: SRS5556545	Biological replicate 3	not applicable	ATCC	H358	bronchioalveolar carcinoma; non-small cell lung cancer		not applicable	xenograft	male	lung/bronchiole; derived from metastatic site: alveolus	Vehicle_300mm3
SAMN13088082	13088082	Human sample from Homo sapiens	Mirati Therapeutics, Inc.	9606	Sample name: H358_Vehicle_500mm3_1	SRA: SRS5556556	Biological replicate 1	not applicable	ATCC	H358	bronchioalveolar carcinoma; non-small cell lung cancer		not applicable	xenograft	male	lung/bronchiole; derived from metastatic site: alveolus	Vehicle_500mm3
SAMN13088083	13088083	Human sample from Homo sapiens	Mirati Therapeutics, Inc.	9606	Sample name: H358_Vehicle_500mm3_2	SRA: SRS5556567	Biological replicate 2	not applicable	ATCC	H358	bronchioalveolar carcinoma; non-small cell lung cancer		not applicable	xenograft	male	lung/bronchiole; derived from metastatic site: alveolus	Vehicle_500mm3
SAMN13088084	13088084	Human sample from Homo sapiens	Mirati Therapeutics, Inc.	9606	Sample name: H358_Vehicle_500mm3_3	SRA: SRS5556578	Biological replicate 3	not applicable	ATCC	H358	bronchioalveolar carcinoma; non-small cell lung cancer		not applicable	xenograft	male	lung/bronchiole; derived from metastatic site: alveolus	Vehicle_500mm3
SAMN13088085	13088085	Human sample from Homo sapiens	Mirati Therapeutics, Inc.	9606	Sample name: H358_MRTX849_QDx1_6h_1	SRA: SRS5556589	Biological replicate 1	not applicable	ATCC	H358	bronchioalveolar carcinoma; non-small cell lung cancer		not applicable	xenograft	male	lung/bronchiole; derived from metastatic site: alveolus	MRTX849_QDx1_6h
SAMN13088086	13088086	Human sample from Homo sapiens	Mirati Therapeutics, Inc.	9606	Sample name: H358_MRTX849_QDx1_6h_2	SRA: SRS5556600	Biological replicate 2	not applicable	ATCC	H358	bronchioalveolar carcinoma; non-small cell lung cancer		not applicable	xenograft	male	lung/bronchiole; derived from metastatic site: alveolus	MRTX849_QDx1_6h
SAMN13088087	13088087	Human sample from Homo sapiens	Mirati Therapeutics, Inc.	9606	Sample name: H358_MRTX849_QDx1_6h_3	SRA: SRS5556611	Biological replicate 3	not applicable	ATCC	H358	bronchioalveolar carcinoma; non-small cell lung cancer		not applicable	xenograft	male	lung/bronchiole; derived from metastatic site: alveolus	MRTX849_QDx1_6h
SAMN13088088	13088088	Human sample from Homo sapiens	Mirati Therapeutics, Inc.	9606	Sample name: H358_MRTX849_QDx1_24h_1	SRA: SRS5556622	Biological replicate 1	not applicable	ATCC	H358	bronchioalveolar carcinoma; non-small cell lung cancer		not applicable	xenograft	male	lung/bronchiole; derived from metastatic site: alveolus	MRTX849_QDx1_24h
SAMN13088089	13088089	Human sample from Homo sapiens	Mirati Therapeutics, Inc.	9606	Sample name: H358_MRTX849_QDx1_24h_2	SRA: SRS5556506	Biological replicate 2	not applicable	ATCC	H358	bronchioalveolar carcinoma; non-small cell lung cancer		not applicable	xenograft	male	lung/bronchiole; derived from metastatic site: alveolus	MRTX849_QDx1_24h
SAMN13088090	13088090	Human sample from Homo sapiens	Mirati Therapeutics, Inc.	9606	Sample name: H358_MRTX849_QDx1_24h_3	SRA: SRS5556517	Biological replicate 3	not applicable	ATCC	H358	bronchioalveolar carcinoma; non-small cell lung cancer		not applicable	xenograft	male	lung/bronchiole; derived from metastatic site: alveolus	MRTX849_QDx1_24h
SAMN13088091	13088091	Human sample from Homo sapiens	Mirati Therapeutics, Inc.	9606	Sample name: H358_MRTX849_QDx7_6h_1	SRA: SRS5556528	Biological replicate 1	not applicable	ATCC	H358	bronchioalveolar carcinoma; non-small cell lung cancer		not applicable	xenograft	male	lung/bronchiole; derived from metastatic site: alveolus	MRTX849_QDx7_6h
SAMN13088092	13088092	Human sample from Homo sapiens	Mirati Therapeutics, Inc.	9606	Sample name: H358_MRTX849_QDx7_6h_2	SRA: SRS5556538	Biological replicate 2	not applicable	ATCC	H358	bronchioalveolar carcinoma; non-small cell lung cancer		not applicable	xenograft	male	lung/bronchiole; derived from metastatic site: alveolus	MRTX849_QDx7_6h
SAMN13088093	13088093	Human sample from Homo sapiens	Mirati Therapeutics, Inc.	9606	Sample name: H358_MRTX849_QDx7_6h_3	SRA: SRS5556539	Biological replicate 3	not applicable	ATCC	H358	bronchioalveolar carcinoma; non-small cell lung cancer		not applicable	xenograft	male	lung/bronchiole; derived from metastatic site: alveolus	MRTX849_QDx7_6h
SAMN13088094	13088094	Human sample from Homo sapiens	Mirati Therapeutics, Inc.	9606	Sample name: H358_MRTX849_QDx7_24h_1	SRA: SRS5556540	Biological replicate 1	not applicable	ATCC	H358	bronchioalveolar carcinoma; non-small cell lung cancer		not applicable	xenograft	male	lung/bronchiole; derived from metastatic site: alveolus	MRTX849_QDx7_24h
SAMN13088095	13088095	Human sample from Homo sapiens	Mirati Therapeutics, Inc.	9606	Sample name: H358_MRTX849_QDx7_24h_2	SRA: SRS5556541	Biological replicate 2	not applicable	ATCC	H358	bronchioalveolar carcinoma; non-small cell lung cancer		not applicable	xenograft	male	lung/bronchiole; derived from metastatic site: alveolus	MRTX849_QDx7_24h
SAMN13088096	13088096	Human sample from Homo sapiens	Mirati Therapeutics, Inc.	9606	Sample name: H358_MRTX849_QDx7_24h_3	SRA: SRS5556542	Biological replicate 3	not applicable	ATCC	H358	bronchioalveolar carcinoma; non-small cell lung cancer		not applicable	xenograft	male	lung/bronchiole; derived from metastatic site: alveolus	MRTX849_QDx7_24h
